Key,KeyConfidence,Value,ValueConfidence
May,38.3663444519043,2014,38.3663444519043
