Key,KeyConfidence,Value,ValueConfidence
Yp,64.31227111816406,2,64.31227111816406
Observed yield,46.82981491088867,NOT_SELECTED,46.82981491088867
