Key,KeyConfidence,Value,ValueConfidence
2,35.18182373046875,,
HD,35.10798645019531,,
MD,34.23857498168945,,
