Key,KeyConfidence,Value,ValueConfidence
May,55.77532196044922,2014,55.77532196044922
Sep,37.720115661621094,,
May,37.111053466796875,2015,37.111053466796875
