Key,KeyConfidence,Value,ValueConfidence
May,52.09687805175781,2014,52.09687805175781
May,35.822296142578125,2013,35.822296142578125
